ZenPacks.zenoss.AbsoluteCounters,1.0.0
ZenPacks.zenoss.AdvancedSearch,1.1.3
ZenPacks.zenoss.CalculatedPerformance,2.0.4
ZenPacks.zenoss.CatalogService,1.0.26
ZenPacks.zenoss.CiscoMonitor,5.3.2
ZenPacks.zenoss.CiscoUCS,2.0.1
ZenPacks.zenoss.DiscoveryMapping,1.0.1
ZenPacks.zenoss.DynamicView,1.2.2
ZenPacks.zenoss.EMC.base,1.0.4.1
ZenPacks.zenoss.EnterpriseCollector,1.4.17
ZenPacks.zenoss.EnterpriseLinux,1.3.8
ZenPacks.zenoss.EnterpriseReports,2.2.3
ZenPacks.zenoss.EnterpriseSecurity,1.1.0
ZenPacks.zenoss.LinuxMonitor,1.2.1
ZenPacks.zenoss.Microsoft.HyperV,1.0.3p1
ZenPacks.zenoss.Microsoft.Windows,2.1.1
ZenPacks.zenoss.NetAppMonitor,3.0.7
ZenPacks.zenoss.NetAppMonitor,3.1.1
ZenPacks.zenoss.PortalIntegration,1.1.1
ZenPacks.zenoss.PythonCollector,1.5.2
ZenPacks.zenoss.StorageBase,1.3.0
ZenPacks.zenoss.UCSCapacity,1.0.3
ZenPacks.zenoss.UCSXSkin,1.1.0
ZenPacks.zenoss.WBEM,1.0.1
ZenPacks.zenoss.WebScale,1.2.2
ZenPacks.zenoss.ZenDeviceACL,2.1.0
ZenPacks.zenoss.ZenOperatorRole,2.0.2
ZenPacks.zenoss.vSphere,3.0.6
